ğŸ˜€	grinning	face, smile, happy, joy, :D, grin
ğŸ˜¬	grimacing	face, grimace, teeth
ğŸ˜	grin	face, happy, smile, joy, kawaii
ğŸ˜‚	joy	face, cry, tears, weep, happy, happytears, haha
ğŸ˜ƒ	smiley	face, happy, joy, haha, :D, :), smile, funny
ğŸ˜„	smile	face, happy, joy, funny, haha, laugh, like, :D, :)
ğŸ˜…	sweat_smile	face, hot, happy, laugh, sweat, smile, relief
ğŸ˜†	laughing	happy, joy, lol, satisfied, haha, face, glad, XD, laugh
ğŸ˜‡	innocent	face, angel, heaven, halo
ğŸ˜‰	wink	face, happy, mischievous, secret, ;), smile, eye
ğŸ˜Š	blush	face, smile, happy, flushed, crush, embarrassed, shy, joy
ğŸ™ƒ	upside_down_face	face, flipped, silly, smile
â˜ºï¸	relaxed	face, blush, massage, happiness
ğŸ˜‹	yum	happy, joy, tongue, smile, face, silly, yummy, nom, delicious, savouring
ğŸ˜Œ	relieved	face, relaxed, phew, massage, happiness
ğŸ˜	heart_eyes	face, love, like, affection, valentines, infatuation, crush, heart
ğŸ˜˜	kissing_heart	face, love, like, affection, valentines, infatuation, kiss
ğŸ˜—	kissing	love, like, face, 3, valentines, infatuation, kiss
ğŸ˜™	kissing_smiling_eyes	face, affection, valentines, infatuation, kiss
ğŸ˜š	kissing_closed_eyes	face, love, like, affection, valentines, infatuation, kiss
ğŸ˜œ	stuck_out_tongue_winking_eye	face, prank, childish, playful, mischievous, smile, wink, tongue
ğŸ˜	stuck_out_tongue_closed_eyes	face, prank, playful, mischievous, smile, tongue
ğŸ˜›	stuck_out_tongue	face, prank, childish, playful, mischievous, smile, tongue
ğŸ˜	sunglasses	face, cool, smile, summer, beach, sunglass
ğŸ˜	smirk	face, smile, mean, prank, smug, sarcasm
ğŸ˜¶	no_mouth	face, hellokitty
ğŸ˜	neutral_face	indifference, meh, :|, neutral
ğŸ˜‘	expressionless	face, indifferent, -_-, meh, deadpan
ğŸ˜’	unamused	indifference, bored, straight face, serious, sarcasm, unimpressed, skeptical, dubious, side_eye
ğŸ˜³	flushed	face, blush, shy, flattered
ğŸ˜	disappointed	face, sad, upset, depressed, :(
ğŸ˜Ÿ	worried	face, concern, nervous, :(
ğŸ˜ 	angry	mad, face, annoyed, frustrated
ğŸ˜¡	rage	angry, mad, hate, despise
ğŸ˜”	pensive	face, sad, depressed, upset
ğŸ˜•	confused	face, indifference, huh, weird, hmmm, :/
â˜¹	frowning_face	face, sad, upset, frown
ğŸ˜£	persevere	face, sick, no, upset, oops
ğŸ˜–	confounded	face, confused, sick, unwell, oops, :S
ğŸ˜«	tired_face	sick, whine, upset, frustrated
ğŸ˜©	weary	face, tired, sleepy, sad, frustrated, upset
ğŸ˜¤	triumph	face, gas, phew, proud, pride
ğŸ˜®	open_mouth	face, surprise, impressed, wow, whoa, :O
ğŸ˜±	scream	face, munch, scared, omg
ğŸ˜¨	fearful	face, scared, terrified, nervous, oops, huh
ğŸ˜°	cold_sweat	face, nervous, sweat
ğŸ˜¯	hushed	face, woo, shh
ğŸ˜¦	frowning	face, aw, what
ğŸ˜§	anguished	face, stunned, nervous
ğŸ˜¢	cry	face, tears, sad, depressed, upset, :'(
ğŸ˜¥	disappointed_relieved	face, phew, sweat, nervous
ğŸ˜ª	sleepy	face, tired, rest, nap
ğŸ˜“	sweat	face, hot, sad, tired, exercise
ğŸ˜­	sob	face, cry, tears, sad, upset, depressed
ğŸ˜µ	dizzy_face	spent, unconscious, xox, dizzy
ğŸ˜²	astonished	face, xox, surprised, poisoned
ğŸ˜·	mask	face, sick, ill, disease
ğŸ˜´	sleeping	face, tired, sleepy, night, zzz
ğŸ’¤	zzz	sleepy, tired, dream
ğŸ’©	poop	hankey, shitface, fail, turd, shit
ğŸ˜ˆ	smiling_imp	devil, horns
ğŸ‘¿	imp	devil, angry, horns
ğŸ‘¹	japanese_ogre	monster, red, mask, halloween, scary, creepy, devil, demon, japanese, ogre
ğŸ‘º	japanese_goblin	red, evil, mask, monster, scary, creepy, japanese, goblin
ğŸ’€	skull	dead, skeleton, creepy, death
ğŸ‘»	ghost	halloween, spooky, scary
ğŸ‘½	alien	UFO, paul, weird, outer_space
ğŸ¤–	robot	computer, machine, bot
ğŸ˜º	smiley_cat	animal, cats, happy, smile
ğŸ˜¸	smile_cat	animal, cats, smile
ğŸ˜¹	joy_cat	animal, cats, haha, happy, tears
ğŸ˜»	heart_eyes_cat	animal, love, like, affection, cats, valentines, heart
ğŸ˜¼	smirk_cat	animal, cats, smirk
ğŸ˜½	kissing_cat	animal, cats, kiss
ğŸ™€	scream_cat	animal, cats, munch, scared, scream
ğŸ˜¿	crying_cat_face	animal, tears, weep, sad, cats, upset, cry
ğŸ˜¾	pouting_cat	animal, cats
ğŸ™Œ	raised_hands	gesture, hooray, yea, celebration, hands
ğŸ‘	clap	hands, praise, applause, congrats, yay
ğŸ‘‹	wave	hands, gesture, goodbye, solong, farewell, hello, hi, palm
ğŸ‘	+1	thumbsup, yes, awesome, good, agree, accept, cool, hand, like
ğŸ‘	-1	thumbsdown, no, dislike, hand
ğŸ‘Š	facepunch	angry, violence, fist, hit, attack, hand
âœŠ	fist	fingers, hand, grasp
âœŒ	v	fingers, ohyeah, hand, peace, victory, two
ğŸ‘Œ	ok_hand	fingers, limbs, perfect, ok, okay
âœ‹	raised_hand	fingers, stop, highfive, palm, ban
ğŸ‘	open_hands	fingers, butterfly, hands, open
ğŸ’ª	muscle	arm, flex, hand, summer, strong, biceps
ğŸ™	pray	please, hope, wish, namaste, highfive
â˜	point_up	hand, fingers, direction, up
ğŸ‘†	point_up_2	fingers, hand, direction, up
ğŸ‘‡	point_down	fingers, hand, direction, down
ğŸ‘ˆ	point_left	direction, fingers, hand, left
ğŸ‘‰	point_right	fingers, hand, direction, right
ğŸ–	raised_hand_with_fingers_splayed	hand, fingers, palm
âœ	writing_hand	lower_left_ballpoint_pen, stationery, write, compose
ğŸ’…	nail_care	beauty, manicure, finger, fashion, nail
ğŸ‘„	lips	mouth, kiss
ğŸ¦·	tooth	teeth, dentist
ğŸ‘…	tongue	mouth, playful
ğŸ‘‚	ear	face, hear, sound, listen
ğŸ‘ƒ	nose	smell, sniff
ğŸ‘	eye	face, look, see, watch, stare
ğŸ‘€	eyes	look, watch, stalk, peek, see
ğŸ‘¤	bust_in_silhouette	user, person, human
ğŸ‘¥	busts_in_silhouette	user, person, human, group, team
ğŸ—£	speaking_head	user, person, human, sing, say, talk
ğŸ‘¶	baby	child, boy, girl, toddler
ğŸ‘¦	boy	man, male, guy, teenager
ğŸ‘§	girl	female, woman, teenager
ğŸ‘¨	man	mustache, father, dad, guy, classy, sir, moustache
ğŸ‘©	woman	female, girls, lady
ğŸ‘±	blonde_man	man, male, boy, blonde, guy, person
ğŸ‘´	older_man	human, male, men, old, elder, senior
ğŸ‘µ	older_woman	human, female, women, lady, old, elder, senior
ğŸ‘²	man_with_gua_pi_mao	male, boy, chinese
ğŸ‘³	man_with_turban	male, indian, hinduism, arabs
ğŸ‘®	policeman	man, police, law, legal, enforcement, arrest, 911
ğŸ‘·	construction_worker_man	male, human, wip, guy, build, construction, worker, labor
ğŸ’‚	guardsman	uk, gb, british, male, guy, royal
ğŸ•µ	male_detective	human, spy, detective
ğŸ…	santa	festival, man, male, xmas, father christmas
ğŸ‘¼	angel	heaven, wings, halo
ğŸ‘¸	princess	girl, woman, female, blond, crown, royal, queen
ğŸ‘°	bride_with_veil	couple, marriage, wedding, woman, bride
ğŸƒ	running_man	man, walking, exercise, race, running
ğŸš¶	walking_man	human, feet, steps
ğŸ’ƒ	dancer	female, girl, woman, fun
ğŸ‘¯	dancing_women	female, bunny, women, girls
ğŸ‘«	couple	pair, people, human, love, date, dating, like, affection, valentines, marriage
ğŸ‘¬	two_men_holding_hands	pair, couple, love, like, bromance, friendship, people, human
ğŸ‘­	two_women_holding_hands	pair, friendship, couple, love, like, female, people, human
ğŸ™‡	bowing_man	man, male, boy
ğŸ’	tipping_hand_woman	female, girl, woman, human, information
ğŸ™…	no_good_woman	female, girl, woman, nope
ğŸ™†	ok_woman	women, girl, female, pink, human, woman
ğŸ™‹	raising_hand_woman	female, girl, woman
ğŸ™	pouting_woman	female, girl, woman
ğŸ™	frowning_woman	female, girl, woman, sad, depressed, discouraged, unhappy
ğŸ’‡	haircut_woman	female, girl, woman
ğŸ’†	massage_woman	female, girl, woman, head
ğŸ’‘	couple_with_heart_woman_man	pair, love, like, affection, human, dating, valentines, marriage
ğŸ’	couplekiss_man_woman	pair, valentines, love, like, dating, marriage
ğŸ‘ª	family_man_woman_boy	home, parents, child, mom, dad, father, mother, people, human
ğŸ‘š	womans_clothes	fashion, shopping_bags, female
ğŸ‘•	tshirt	fashion, cloth, casual, shirt, tee
ğŸ‘–	jeans	fashion, shopping
ğŸ‘”	necktie	shirt, suitup, formal, fashion, cloth, business
ğŸ‘—	dress	clothes, fashion, shopping
ğŸ‘™	bikini	swimming, female, woman, girl, fashion, beach, summer
ğŸ‘˜	kimono	dress, fashion, women, female, japanese
ğŸ’„	lipstick	female, girl, fashion, woman
ğŸ’‹	kiss	face, lips, love, like, affection, valentines
ğŸ‘£	footprints	feet, tracking, walking, beach
ğŸ‘ 	high_heel	fashion, shoes, female, pumps, stiletto
ğŸ‘¡	sandal	shoes, fashion, flip flops
ğŸ‘¢	boot	shoes, fashion
ğŸ‘	mans_shoe	fashion, male
ğŸ‘Ÿ	athletic_shoe	shoes, sports, sneakers
ğŸ‘’	womans_hat	fashion, accessories, female, lady, spring
ğŸ©	tophat	magic, gentleman, classy, circus
â›‘	rescue_worker_helmet	construction, build
ğŸ“	mortar_board	school, college, degree, university, graduation, cap, hat, legal, learn, education
ğŸ‘‘	crown	king, kod, leader, royalty, lord
ğŸ’	school_satchel	student, education, bag, backpack
ğŸ‘	pouch	bag, accessories, shopping
ğŸ‘›	purse	fashion, accessories, money, sales, shopping
ğŸ‘œ	handbag	fashion, accessory, accessories, shopping
ğŸ’¼	briefcase	business, documents, work, law, legal, job, career
ğŸ‘“	eyeglasses	fashion, accessories, eyesight, nerdy, dork, geek
ğŸ•¶	dark_sunglasses	face, cool, accessories
ğŸ’	ring	wedding, propose, marriage, valentines, diamond, fashion, jewelry, gem, engagement
ğŸŒ‚	closed_umbrella	weather, rain, drizzle
ğŸ¶	dog	animal, friend, nature, woof, puppy, pet, faithful
ğŸ±	cat	animal, meow, nature, pet, kitten
ğŸ­	mouse	animal, nature, cheese_wedge, rodent
ğŸ¹	hamster	animal, nature
ğŸ°	rabbit	animal, nature, pet, spring, magic, bunny
ğŸ»	bear	animal, nature, wild
ğŸ¼	panda_face	animal, nature, panda
ğŸ¨	koala	animal, nature
ğŸ¯	tiger	animal, cat, danger, wild, nature, roar
ğŸ®	cow	beef, ox, animal, nature, moo, milk
ğŸ·	pig	animal, oink, nature
ğŸ½	pig_nose	animal, oink
ğŸ¸	frog	animal, nature, croak, toad
ğŸ™	octopus	animal, creature, ocean, sea, nature, beach
ğŸµ	monkey_face	animal, nature, circus
ğŸ™ˆ	see_no_evil	monkey, animal, nature, haha
ğŸ™‰	hear_no_evil	animal, monkey, nature
ğŸ™Š	speak_no_evil	monkey, animal, nature, omg
ğŸ’	monkey	animal, nature, banana, circus
ğŸ”	chicken	animal, cluck, nature, bird
ğŸ§	penguin	animal, nature
ğŸ¦	bird	animal, nature, fly, tweet, spring
ğŸ¤	baby_chick	animal, chicken, bird
ğŸ£	hatching_chick	animal, chicken, egg, born, baby, bird
ğŸ¥	hatched_chick	animal, chicken, baby, bird
ğŸº	wolf	animal, nature, wild
ğŸ—	boar	animal, nature
ğŸ´	horse	animal, brown, nature
ğŸ	honeybee	animal, insect, nature, bug, spring, honey
ğŸ›	bug	animal, insect, nature, worm
ğŸŒ	snail	slow, animal, shell
ğŸ	beetle	animal, insect, nature, ladybug
ğŸœ	ant	animal, insect, nature, bug
ğŸ•·	spider	animal, arachnid
ğŸ	snake	animal, evil, nature, hiss, python
ğŸ¢	turtle	animal, slow, nature, tortoise
ğŸ 	tropical_fish	animal, swim, ocean, beach, nemo
ğŸŸ	fish	animal, food, nature
ğŸ¡	blowfish	animal, nature, food, sea, ocean
ğŸ¬	dolphin	animal, nature, fish, sea, ocean, flipper, fins, beach
ğŸ³	whale	animal, nature, sea, ocean
ğŸ‹	whale2	animal, nature, sea, ocean
ğŸŠ	crocodile	animal, nature, reptile, lizard, alligator
ğŸ†	leopard	animal, nature
ğŸ…	tiger2	animal, nature, roar
ğŸƒ	water_buffalo	animal, nature, ox, cow
ğŸ‚	ox	animal, cow, beef
ğŸ„	cow2	beef, ox, animal, nature, moo, milk
ğŸ«	camel	animal, nature, hot, desert, hump
ğŸ˜	elephant	animal, nature, nose, th, circus
ğŸ	goat	animal, nature
ğŸ	ram	animal, sheep, nature
ğŸ‘	sheep	animal, nature, wool, shipit
ğŸ	racehorse	animal, gamble, luck
ğŸ–	pig2	animal, nature
ğŸ€	rat	animal, mouse, rodent
ğŸ	mouse2	animal, nature, rodent
ğŸ“	rooster	animal, nature, chicken
ğŸ•Š	dove	animal, bird
ğŸ•	dog2	animal, nature, friend, doge, pet, faithful
ğŸ©	poodle	dog, animal, 101, nature, pet
ğŸˆ	cat2	animal, meow, pet, cats
ğŸ‡	rabbit2	animal, nature, pet, magic, spring
ğŸ¿	chipmunk	animal, nature, rodent, squirrel
ğŸ¾	paw_prints	animal, tracking, footprints, dog, cat, pet, feet
ğŸ‰	dragon	animal, myth, nature, chinese, green
ğŸ²	dragon_face	animal, myth, nature, chinese, green
ğŸŒµ	cactus	vegetable, plant, nature
ğŸ„	christmas_tree	festival, vacation, december, xmas, celebration
ğŸŒ²	evergreen_tree	plant, nature
ğŸŒ³	deciduous_tree	plant, nature
ğŸŒ´	palm_tree	plant, vegetable, nature, summer, beach, mojito, tropical
ğŸŒ±	seedling	plant, nature, grass, lawn, spring
ğŸŒ¿	herb	vegetable, plant, medicine, weed, grass, lawn
â˜˜	shamrock	vegetable, plant, nature, irish, clover
ğŸ€	four_leaf_clover	vegetable, plant, nature, lucky, irish
ğŸ	bamboo	plant, nature, vegetable, panda, pine_decoration
ğŸ‹	tanabata_tree	plant, nature, branch, summer
ğŸƒ	leaves	nature, plant, tree, vegetable, grass, lawn, spring
ğŸ‚	fallen_leaf	nature, plant, vegetable, leaves
ğŸ	maple_leaf	nature, plant, vegetable, ca, fall
ğŸŒ¾	ear_of_rice	nature, plant
ğŸŒº	hibiscus	plant, vegetable, flowers, beach
ğŸŒ»	sunflower	nature, plant, fall
ğŸŒ¹	rose	flowers, valentines, love, spring
ğŸŒ·	tulip	flowers, plant, nature, summer, spring
ğŸŒ¼	blossom	nature, flowers, yellow
ğŸŒ¸	cherry_blossom	nature, plant, spring, flower
ğŸ’	bouquet	flowers, nature, spring
ğŸ„	mushroom	plant, vegetable
ğŸŒ°	chestnut	food, squirrel
ğŸƒ	jack_o_lantern	halloween, light, pumpkin, creepy, fall
ğŸš	shell	nature, sea, beach
ğŸ•¸	spider_web	animal, insect, arachnid, silk
ğŸŒ	earth_americas	globe, world, USA, international
ğŸŒ	earth_africa	globe, world, international
ğŸŒ	earth_asia	globe, world, east, international
ğŸŒ•	full_moon	nature, yellow, twilight, planet, space, night, evening, sleep
ğŸŒ–	waning_gibbous_moon	nature, twilight, planet, space, night, evening, sleep, waxing_gibbous_moon
ğŸŒ—	last_quarter_moon	nature, twilight, planet, space, night, evening, sleep
ğŸŒ˜	waning_crescent_moon	nature, twilight, planet, space, night, evening, sleep
ğŸŒ‘	new_moon	nature, twilight, planet, space, night, evening, sleep
ğŸŒ’	waxing_crescent_moon	nature, twilight, planet, space, night, evening, sleep
ğŸŒ“	first_quarter_moon	nature, twilight, planet, space, night, evening, sleep
ğŸŒ”	waxing_gibbous_moon	nature, night, sky, gray, twilight, planet, space, evening, sleep
ğŸŒš	new_moon_with_face	nature, twilight, planet, space, night, evening, sleep
ğŸŒ	full_moon_with_face	nature, twilight, planet, space, night, evening, sleep
ğŸŒ›	first_quarter_moon_with_face	nature, twilight, planet, space, night, evening, sleep
ğŸŒœ	last_quarter_moon_with_face	nature, twilight, planet, space, night, evening, sleep
ğŸŒ	sun_with_face	nature, morning, sky
ğŸŒ™	crescent_moon	night, sleep, sky, evening, magic
â­	star	night, yellow
ğŸŒŸ	star2	night, sparkle, awesome, good, magic
ğŸ’«	dizzy	star, sparkle, shoot, magic
âœ¨	sparkles	stars, shine, shiny, cool, awesome, good, magic
â˜„	comet	space
â˜€ï¸	sunny	weather, nature, brightness, summer, beach, spring
ğŸŒ¤	sun_behind_small_cloud	weather
â›…	partly_sunny	weather, nature, cloudy, morning, fall, spring
ğŸŒ¥	sun_behind_large_cloud	weather
ğŸŒ¦	sun_behind_rain_cloud	weather
â˜ï¸	cloud	weather, sky
ğŸŒ§	cloud_with_rain	weather
â›ˆ	cloud_with_lightning_and_rain	weather, lightning
ğŸŒ©	cloud_with_lightning	weather, thunder
âš¡	zap	thunder, weather, lightning bolt, fast
ğŸ”¥	fire	hot, cook, flame
ğŸ’¥	boom	bomb, explode, explosion, collision, blown
â„ï¸	snowflake	winter, season, cold, weather, christmas, xmas
ğŸŒ¨	cloud_with_snow	weather
â›„	snowman	winter, season, cold, weather, christmas, xmas, frozen, without_snow
â˜ƒ	snowman_with_snow	winter, season, cold, weather, christmas, xmas, frozen
ğŸŒ¬	wind_face	gust, air
ğŸ’¨	dash	wind, air, fast, shoo, fart, smoke, puff
ğŸŒª	tornado	weather, cyclone, twister
ğŸŒ«	fog	weather
â˜‚	open_umbrella	weather, spring
â˜”	umbrella	rainy, weather, spring
ğŸ’§	droplet	water, drip, faucet, spring
ğŸ’¦	sweat_drops	water, drip, oops
ğŸŒŠ	ocean	sea, water, wave, nature, tsunami, disaster
ğŸ	green_apple	fruit, nature
ğŸ	apple	fruit, mac, school
ğŸ	pear	fruit, nature, food
ğŸŠ	tangerine	food, fruit, nature, orange
ğŸ‹	lemon	fruit, nature
ğŸŒ	banana	fruit, food, monkey
ğŸ‰	watermelon	fruit, food, picnic, summer
ğŸ‡	grapes	fruit, food, wine
ğŸ“	strawberry	fruit, food, nature
ğŸˆ	melon	fruit, nature, food
ğŸ’	cherries	food, fruit
ğŸ‘	peach	fruit, nature, food
ğŸ	pineapple	fruit, nature, food
ğŸ…	tomato	fruit, vegetable, nature, food
ğŸ†	eggplant	vegetable, nature, food, aubergine
ğŸŒ¶	hot_pepper	food, spicy, chilli, chili
ğŸŒ½	corn	food, vegetable, plant
ğŸ 	sweet_potato	food, nature
ğŸ¯	honey_pot	bees, sweet, kitchen
ğŸ	bread	food, wheat, breakfast, toast
ğŸ—	poultry_leg	food, meat, drumstick, bird, chicken, turkey
ğŸ–	meat_on_bone	good, food, drumstick
ğŸ¤	fried_shrimp	food, animal, appetizer, summer
ğŸ³	fried_egg	food, breakfast, kitchen, egg
ğŸ”	hamburger	meat, fast food, beef, cheeseburger, mcdonalds, burger king
ğŸŸ	fries	chips, snack, fast food
ğŸ•	pizza	food, party
ğŸ	spaghetti	food, italian, noodle
ğŸœ	ramen	food, japanese, noodle, chopsticks
ğŸ²	stew	food, meat, soup
ğŸ¥	fish_cake	food, japan, sea, beach, narutomaki, pink, swirl, kamaboko, surimi, ramen
ğŸ£	sushi	food, fish, japanese, rice
ğŸ±	bento	food, japanese, box
ğŸ›	curry	food, spicy, hot, indian
ğŸ™	rice_ball	food, japanese
ğŸš	rice	food, china, asian
ğŸ˜	rice_cracker	food, japanese
ğŸ¢	oden	food, japanese
ğŸ¡	dango	food, dessert, sweet, japanese, barbecue, meat
ğŸ§	shaved_ice	hot, dessert, summer
ğŸ¨	ice_cream	food, hot, dessert
ğŸ¦	icecream	food, hot, dessert, summer
ğŸ°	cake	food, dessert
ğŸ‚	birthday	food, dessert, cake
ğŸ®	custard	dessert, food
ğŸ¬	candy	snack, dessert, sweet, lolly
ğŸ­	lollipop	food, snack, candy, sweet
ğŸ«	chocolate_bar	food, snack, dessert, sweet
ğŸ©	doughnut	food, dessert, snack, sweet, donut
ğŸª	cookie	food, snack, oreo, chocolate, sweet, dessert
ğŸº	beer	relax, beverage, drink, drunk, party, pub, summer, alcohol, booze
ğŸ»	beers	relax, beverage, drink, drunk, party, pub, summer, alcohol, booze
ğŸ·	wine_glass	drink, beverage, drunk, alcohol, booze
ğŸ¸	cocktail	drink, drunk, alcohol, beverage, booze, mojito
ğŸ¹	tropical_drink	beverage, cocktail, summer, beach, alcohol, booze, mojito
ğŸ¶	sake	wine, drink, drunk, beverage, japanese, alcohol, booze
ğŸµ	tea	drink, bowl, breakfast, green, british
â˜•	coffee	beverage, caffeine, latte, espresso
ğŸ¼	baby_bottle	food, container, milk
ğŸ´	fork_and_knife	cutlery, kitchen
ğŸ½	plate_with_cutlery	food, eat, meal, lunch, dinner, restaurant
âš½	soccer	sports, football
ğŸ€	basketball	sports, balls, NBA
ğŸˆ	football	sports, balls, NFL
âš¾	baseball	sports, balls
ğŸ¾	tennis	sports, balls, green
ğŸ‰	rugby_football	sports, team
ğŸ±	8ball	pool, hobby, game, luck, magic
â›³	golf	sports, business, flag, hole, summer
ğŸŒ	golfing_man	sports, business
ğŸ¿	ski	sports, winter, cold, snow
â›·	skier	sports, winter, snow
ğŸ‚	snowboarder	sports, winter
â›¸	ice_skate	sports
ğŸ£	fishing_pole_and_fish	food, hobby, summer
ğŸš£	rowing_man	sports, hobby, water, ship
ğŸŠ	swimming_man	sports, exercise, human, athlete, water, summer
ğŸ„	surfing_man	sports, ocean, sea, summer, beach
ğŸ›€	bath	clean, shower, bathroom
â›¹	basketball_man	sports, human
ğŸ‹	weight_lifting_man	sports, training, exercise
ğŸš´	biking_man	sports, bike, exercise, hipster
ğŸšµ	mountain_biking_man	transportation, sports, human, race, bike
ğŸ‡	horse_racing	animal, betting, competition, gambling, luck
ğŸ•´	business_suit_levitating	suit, business, levitate, hover, jump
ğŸ†	trophy	win, award, contest, place, ftw, ceremony
ğŸ½	running_shirt_with_sash	play, pageant
ğŸ–	medal_military	award, winning, army
ğŸ—	reminder_ribbon	sports, cause, support, awareness
ğŸµ	rosette	flower, decoration, military
ğŸ«	ticket	event, concert, pass
ğŸŸ	tickets	sports, concert, entrance
ğŸ­	performing_arts	acting, theater, drama
ğŸ¨	art	design, paint, draw, colors
ğŸª	circus_tent	festival, carnival, party
ğŸ¤	microphone	sound, music, PA, sing, talkshow
ğŸ§	headphones	music, score, gadgets
ğŸ¼	musical_score	treble, clef, compose
ğŸ·	saxophone	music, instrument, jazz, blues
ğŸº	trumpet	music, brass
ğŸ¸	guitar	music, instrument
ğŸ»	violin	music, instrument, orchestra, symphony
ğŸ¬	clapper	movie, film, record
ğŸ®	video_game	play, console, PS4, controller
ğŸ‘¾	space_invader	game, arcade, play
ğŸ¯	dart	game, play, bar, target, bullseye
ğŸ²	game_die	dice, random, tabletop, play, luck
â™Ÿ	chess_pawn	expendable
ğŸ°	slot_machine	bet, gamble, vegas, fruit machine, luck, casino
ğŸ³	bowling	sports, fun, play
ğŸš—	red_car	red, transportation, vehicle
ğŸš•	taxi	uber, vehicle, cars, transportation
ğŸš™	blue_car	transportation, vehicle
ğŸšŒ	bus	car, vehicle, transportation
ğŸš	trolleybus	bart, transportation, vehicle
ğŸ	racing_car	sports, race, fast, formula, f1
ğŸš“	police_car	vehicle, cars, transportation, law, legal, enforcement
ğŸš‘	ambulance	health, 911, hospital
ğŸš’	fire_engine	transportation, cars, vehicle
ğŸš	minibus	vehicle, car, transportation
ğŸšš	truck	cars, transportation
ğŸš›	articulated_lorry	vehicle, cars, transportation, express
ğŸšœ	tractor	vehicle, car, farming, agriculture
ğŸ	motorcycle	race, sports, fast
ğŸš²	bike	sports, bicycle, exercise, hipster
ğŸš¨	rotating_light	police, ambulance, 911, emergency, alert, error, pinged, law, legal
ğŸš”	oncoming_police_car	vehicle, law, legal, enforcement, 911
ğŸš	oncoming_bus	vehicle, transportation
ğŸš˜	oncoming_automobile	car, vehicle, transportation
ğŸš–	oncoming_taxi	vehicle, cars, uber
ğŸš¡	aerial_tramway	transportation, vehicle, ski
ğŸš 	mountain_cableway	transportation, vehicle, ski
ğŸšŸ	suspension_railway	vehicle, transportation
ğŸšƒ	railway_car	transportation, vehicle
ğŸš‹	train	transportation, vehicle, carriage, public, travel
ğŸš	monorail	transportation, vehicle
ğŸš„	bullettrain_side	transportation, vehicle
ğŸš…	bullettrain_front	transportation, vehicle, speed, fast, public, travel
ğŸšˆ	light_rail	transportation, vehicle
ğŸš	mountain_railway	transportation, vehicle
ğŸš‚	steam_locomotive	transportation, vehicle, train
ğŸš†	train2	transportation, vehicle
ğŸš‡	metro	transportation, blue-square, mrt, underground, tube
ğŸšŠ	tram	transportation, vehicle
ğŸš‰	station	transportation, vehicle, public
ğŸš	helicopter	transportation, vehicle, fly
ğŸ›©	small_airplane	flight, transportation, fly, vehicle
âœˆï¸	airplane	vehicle, transportation, flight, fly
â›µ	sailboat	ship, summer, transportation, water, sailing
ğŸ›¥	motor_boat	ship
ğŸš¤	speedboat	ship, transportation, vehicle, summer
â›´	ferry	boat, ship, yacht
ğŸ›³	passenger_ship	yacht, cruise, ferry
ğŸš€	rocket	launch, ship, staffmode, NASA, outer space, outer_space, fly
ğŸ›°	artificial_satellite	communication, gps, orbit, spaceflight, NASA, ISS
ğŸ’º	seat	sit, airplane, transport, bus, flight, fly
âš“	anchor	ship, ferry, sea, boat
ğŸš§	construction	wip, progress, caution, warning
â›½	fuelpump	gas station, petroleum
ğŸš	busstop	transportation, wait
ğŸš¦	vertical_traffic_light	transportation, driving
ğŸš¥	traffic_light	transportation, signal
ğŸ	checkered_flag	contest, finishline, race, gokart
ğŸš¢	ship	transportation, titanic, deploy
ğŸ¡	ferris_wheel	photo, carnival, londoneye
ğŸ¢	roller_coaster	carnival, playground, photo, fun
ğŸ 	carousel_horse	photo, carnival
ğŸ—	building_construction	wip, working, progress
ğŸŒ	foggy	photo, mountain
ğŸ—¼	tokyo_tower	photo, japanese
ğŸ­	factory	building, industry, pollution, smoke
â›²	fountain	photo, summer, water, fresh
ğŸ‘	rice_scene	photo, japan, asia, tsukimi
â›°	mountain	photo, nature, environment
ğŸ”	mountain_snow	photo, nature, environment, winter, cold
ğŸ—»	mount_fuji	photo, mountain, nature, japanese
ğŸŒ‹	volcano	photo, nature, disaster
ğŸ—¾	japan	nation, country, japanese, asia
ğŸ•	camping	photo, outdoors, tent
â›º	tent	photo, camping, outdoors
ğŸ	national_park	photo, environment, nature
ğŸ›£	motorway	road, cupertino, interstate, highway
ğŸ›¤	railway_track	train, transportation
ğŸŒ…	sunrise	morning, view, vacation, photo
ğŸŒ„	sunrise_over_mountains	view, vacation, photo
ğŸœ	desert	photo, warm, saharah
ğŸ–	beach_umbrella	weather, summer, sunny, sand, mojito
ğŸ	desert_island	photo, tropical, mojito
ğŸŒ‡	city_sunrise	photo, good morning, dawn
ğŸŒ†	city_sunset	photo, evening, sky, buildings
ğŸ™	cityscape	photo, night life, urban
ğŸŒƒ	night_with_stars	evening, city, downtown
ğŸŒ‰	bridge_at_night	photo, sanfrancisco
ğŸŒŒ	milky_way	photo, space, stars
ğŸŒ 	stars	night, photo
ğŸ‡	sparkler	stars, night, shine
ğŸ†	fireworks	photo, festival, carnival, congratulations
ğŸŒˆ	rainbow	nature, happy, unicorn_face, photo, sky, spring
ğŸ˜	houses	buildings, photo
ğŸ°	european_castle	building, royalty, history
ğŸ¯	japanese_castle	photo, building
ğŸŸ	stadium	photo, place, sports, concert, venue
ğŸ—½	statue_of_liberty	american, newyork
ğŸ 	house	building, home
ğŸ¡	house_with_garden	home, plant, nature
ğŸš	derelict_house	abandon, evict, broken, building
ğŸ¢	office	building, bureau, work
ğŸ¬	department_store	building, shopping, mall
ğŸ£	post_office	building, envelope, communication
ğŸ¤	european_post_office	building, email
ğŸ¥	hospital	building, health, surgery, doctor
ğŸ¦	bank	building, money, sales, cash, business, enterprise
ğŸ¨	hotel	building, accomodation, checkin
ğŸª	convenience_store	building, shopping, groceries
ğŸ«	school	building, student, education, learn, teach
ğŸ©	love_hotel	like, affection, dating
ğŸ’’	wedding	love, like, affection, couple, marriage, bride, groom
ğŸ›	classical_building	art, culture, history
â›ª	church	building, religion, christ
â›©	shinto_shrine	temple, japan, kyoto
âŒš	watch	time, accessories
ğŸ“±	iphone	technology, apple, gadgets, dial
ğŸ“²	calling	iphone, incoming
ğŸ’»	computer	technology, laptop, screen, display, monitor
âŒ¨	keyboard	technology, computer, type, input, text
ğŸ–¥	desktop_computer	technology, computing, screen
ğŸ–¨	printer	paper, ink
ğŸ–±	computer_mouse	click
ğŸ–²	trackball	technology, trackpad
ğŸ•¹	joystick	game, play
ğŸ—œ	clamp	tool
ğŸ’½	minidisc	technology, record, data, disk, 90s
ğŸ’¾	floppy_disk	oldschool, technology, save, 90s, 80s
ğŸ’¿	cd	technology, dvd, disk, disc, 90s
ğŸ“€	dvd	cd, disk, disc
ğŸ“¼	vhs	record, video, oldschool, 90s, 80s
ğŸ“·	camera	gadgets, photography
ğŸ“¹	video_camera	film, record
ğŸ¥	movie_camera	film, record
ğŸ“½	film_projector	video, tape, record, movie
ğŸ	film_strip	movie
ğŸ“	telephone_receiver	technology, communication, dial
â˜ï¸	phone	technology, communication, dial, telephone
ğŸ“Ÿ	pager	bbcall, oldschool, 90s
ğŸ“ 	fax	communication, technology
ğŸ“º	tv	technology, program, oldschool, show, television
ğŸ“»	radio	communication, music, podcast, program
ğŸ™	studio_microphone	sing, recording, artist, talkshow
ğŸš	level_slider	scale
ğŸ›	control_knobs	dial
ğŸ§­	compass	magnetic, navigation, orienteering
â±	stopwatch	time, deadline
â²	timer_clock	alarm
â°	alarm_clock	time, wake
ğŸ•°	mantelpiece_clock	time
â³	hourglass_flowing_sand	oldschool, time, countdown
âŒ›	hourglass	time, clock, oldschool, limit, exam, quiz, test
ğŸ“¡	satellite	communication, future, radio, space
ğŸ”‹	battery	power, energy, sustain
ğŸ”Œ	electric_plug	charger, power
ğŸ’¡	bulb	light, electricity, idea
ğŸ”¦	flashlight	dark, camping, sight, night
ğŸ•¯	candle	fire, wax
ğŸ—‘	wastebasket	bin, trash, rubbish, garbage, toss
ğŸ›¢	oil_drum	barrell
ğŸ’¸	money_with_wings	dollar, bills, payment, sale
ğŸ’µ	dollar	money, sales, bill, currency
ğŸ’´	yen	money, sales, japanese, dollar, currency
ğŸ’¶	euro	money, sales, dollar, currency
ğŸ’·	pound	british, sterling, money, sales, bills, uk, england, currency
ğŸ’°	moneybag	dollar, payment, coins, sale
ğŸ’³	credit_card	money, sales, dollar, bill, payment, shopping
ğŸ’	gem	blue, ruby, diamond, jewelry
âš–	balance_scale	law, fairness, weight
ğŸ”§	wrench	tools, diy, ikea, fix, maintainer
ğŸ”¨	hammer	tools, build, create
âš’	hammer_and_pick	tools, build, create
ğŸ› 	hammer_and_wrench	tools, build, create
â›	pick	tools, dig
ğŸ”©	nut_and_bolt	handy, tools, fix
âš™	gear	cog
â›“	chains	lock, arrest
ğŸ”«	gun	violence, weapon, pistol, revolver
ğŸ’£	bomb	boom, explode, explosion, terrorism
ğŸ”ª	hocho	knife, blade, cutlery, kitchen, weapon
ğŸ—¡	dagger	weapon
âš”	crossed_swords	weapon
ğŸ›¡	shield	protection, security
ğŸš¬	smoking	kills, tobacco, cigarette, joint, smoke
â˜ 	skull_and_crossbones	poison, danger, deadly, scary, death, pirate, evil
âš°	coffin	vampire, dead, die, death, rip, graveyard, cemetery, casket, funeral, box
âš±	funeral_urn	dead, die, death, rip, ashes
ğŸ”®	crystal_ball	disco, party, magic, circus, fortune_teller
ğŸ’ˆ	barber	hair, salon, style
âš—	alembic	distilling, science, experiment, chemistry
ğŸ”­	telescope	stars, space, zoom, science, astronomy
ğŸ”¬	microscope	laboratory, experiment, zoomin, science, study
ğŸ•³	hole	embarrassing
ğŸ’Š	pill	health, medicine, doctor, pharmacy, drug
ğŸ’‰	syringe	health, hospital, drugs, blood, medicine, needle, doctor, nurse
ğŸŒ¡	thermometer	weather, temperature, hot, cold
ğŸ·	label	sale, tag
ğŸ”–	bookmark	favorite, label, save
ğŸš½	toilet	restroom, wc, washroom, bathroom, potty
ğŸš¿	shower	clean, water, bathroom
ğŸ›	bathtub	clean, shower, bathroom
ğŸ”‘	key	lock, door, password
ğŸ—	old_key	lock, door, password
ğŸ›‹	couch_and_lamp	read, chill
ğŸ›	bed	sleep, rest
ğŸšª	door	house, entry, exit
ğŸ›	bellhop_bell	service
ğŸ–¼	framed_picture	photography
ğŸ—º	world_map	location, direction
â›±	parasol_on_ground	weather, summer
ğŸ—¿	moyai	rock, easter island, moai
ğŸ›	shopping	mall, buy, purchase
ğŸˆ	balloon	party, celebration, birthday, circus
ğŸ	flags	fish, japanese, koinobori, carp, banner
ğŸ€	ribbon	decoration, pink, girl, bowtie
ğŸ	gift	present, birthday, christmas, xmas
ğŸŠ	confetti_ball	festival, party, birthday, circus
ğŸ‰	tada	party, congratulations, birthday, magic, circus, celebration
ğŸ	dolls	japanese, toy, kimono
ğŸ	wind_chime	nature, ding, spring, bell
ğŸŒ	crossed_flags	japanese, nation, country, border
ğŸ®	izakaya_lantern	light, paper, halloween, spooky
âœ‰ï¸	email	letter, postal, inbox, communication
ğŸ“©	envelope_with_arrow	email, communication
ğŸ“¨	incoming_envelope	email, inbox
ğŸ“§	e-mail	communication, inbox
ğŸ’Œ	love_letter	email, like, affection, envelope, valentines
ğŸ“®	postbox	email, letter, envelope
ğŸ“ª	mailbox_closed	email, communication, inbox
ğŸ“«	mailbox	email, inbox, communication
ğŸ“¬	mailbox_with_mail	email, inbox, communication
ğŸ“­	mailbox_with_no_mail	email, inbox
ğŸ“¦	package	mail, gift, cardboard, box, moving
ğŸ“¯	postal_horn	instrument, music
ğŸ“¥	inbox_tray	email, documents
ğŸ“¤	outbox_tray	inbox, email
ğŸ“œ	scroll	documents, ancient, history, paper
ğŸ“ƒ	page_with_curl	documents, office, paper
ğŸ“‘	bookmark_tabs	favorite, save, order, tidy
ğŸ“Š	bar_chart	graph, presentation, stats
ğŸ“ˆ	chart_with_upwards_trend	graph, presentation, stats, recovery, business, economics, money, sales, good, success
ğŸ“‰	chart_with_downwards_trend	graph, presentation, stats, recession, business, economics, money, sales, bad, failure
ğŸ“„	page_facing_up	documents, office, paper, information
ğŸ“…	date	calendar, schedule
ğŸ“†	calendar	schedule, date, planning
ğŸ—“	spiral_calendar	date, schedule, planning
ğŸ“‡	card_index	business, stationery
ğŸ—ƒ	card_file_box	business, stationery
ğŸ—³	ballot_box	election, vote
ğŸ—„	file_cabinet	filing, organizing
ğŸ“‹	clipboard	stationery, documents
ğŸ—’	spiral_notepad	memo, stationery
ğŸ“	file_folder	documents, business, office
ğŸ“‚	open_file_folder	documents, load
ğŸ—‚	card_index_dividers	organizing, business, stationery
ğŸ—	newspaper_roll	press, headline
ğŸ“°	newspaper	press, headline
ğŸ““	notebook	stationery, record, notes, paper, study
ğŸ“•	closed_book	read, library, knowledge, textbook, learn
ğŸ“—	green_book	read, library, knowledge, study
ğŸ“˜	blue_book	read, library, knowledge, learn, study
ğŸ“™	orange_book	read, library, knowledge, textbook, study
ğŸ“”	notebook_with_decorative_cover	classroom, notes, record, paper, study
ğŸ“’	ledger	notes, paper
ğŸ“š	books	literature, library, study
ğŸ“–	open_book	book, read, library, knowledge, literature, learn, study
ğŸ”—	link	rings, url
ğŸ“	paperclip	documents, stationery
ğŸ–‡	paperclips	documents, stationery
âœ‚ï¸	scissors	stationery, cut
ğŸ“	triangular_ruler	stationery, math, architect, sketch
ğŸ“	straight_ruler	stationery, calculate, length, math, school, drawing, architect, sketch
ğŸ“Œ	pushpin	stationery, mark, here
ğŸ“	round_pushpin	stationery, location, map, here
ğŸš©	triangular_flag_on_post	mark, milestone, place
ğŸ³	white_flag	losing, loser, lost, surrender, give up, fail
ğŸ”	closed_lock_with_key	security, privacy
ğŸ”’	lock	security, password, padlock
ğŸ”“	unlock	privacy, security
ğŸ”	lock_with_ink_pen	security, secret
ğŸ–Š	pen	stationery, writing, write
ğŸ–‹	fountain_pen	stationery, writing, write
âœ’ï¸	black_nib	pen, stationery, writing, write
ğŸ“	memo	write, documents, stationery, pencil, paper, writing, legal, exam, quiz, test, study, compose
âœï¸	pencil2	stationery, write, paper, writing, school, study
ğŸ–	crayon	drawing, creativity
ğŸ–Œ	paintbrush	drawing, creativity, art
ğŸ”	mag	search, zoom, find, detective
ğŸ”	mag_right	search, zoom, find, detective
â¤ï¸	heart	love, like, valentines
ğŸ’›	yellow_heart	love, like, affection, valentines
ğŸ’š	green_heart	love, like, affection, valentines
ğŸ’™	blue_heart	love, like, affection, valentines
ğŸ’œ	purple_heart	love, like, affection, valentines
ğŸ’”	broken_heart	sad, sorry, break, heart, heartbreak
â£	heavy_heart_exclamation	decoration, love
ğŸ’•	two_hearts	love, like, affection, valentines, heart
ğŸ’	revolving_hearts	love, like, affection, valentines
ğŸ’“	heartbeat	love, like, affection, valentines, pink, heart
ğŸ’—	heartpulse	like, love, affection, valentines, pink
ğŸ’–	sparkling_heart	love, like, affection, valentines
ğŸ’˜	cupid	love, like, heart, affection, valentines
ğŸ’	gift_heart	love, valentines
ğŸ’Ÿ	heart_decoration	purple-square, love, like
â˜®	peace_symbol	hippie
âœ	latin_cross	christianity
â˜ª	star_and_crescent	islam
ğŸ•‰	om	hinduism, buddhism, sikhism, jainism
â˜¸	wheel_of_dharma	hinduism, buddhism, sikhism, jainism
âœ¡	star_of_david	judaism
ğŸ”¯	six_pointed_star	purple-square, religion, jewish, hexagram
ğŸ•	menorah	hanukkah, candles, jewish
â˜¯	yin_yang	balance
â˜¦	orthodox_cross	suppedaneum, religion
ğŸ›	place_of_worship	religion, church, temple, prayer
â›	ophiuchus	sign, purple-square, constellation, astrology
â™ˆ	aries	sign, purple-square, zodiac, astrology
â™‰	taurus	purple-square, sign, zodiac, astrology
â™Š	gemini	sign, zodiac, purple-square, astrology
â™‹	cancer	sign, zodiac, purple-square, astrology
â™Œ	leo	sign, purple-square, zodiac, astrology
â™	virgo	sign, zodiac, purple-square, astrology
â™	libra	sign, purple-square, zodiac, astrology
â™	scorpius	sign, zodiac, purple-square, astrology, scorpio
â™	sagittarius	sign, zodiac, purple-square, astrology
â™‘	capricorn	sign, zodiac, purple-square, astrology
â™’	aquarius	sign, purple-square, zodiac, astrology
â™“	pisces	purple-square, sign, zodiac, astrology
ğŸ†”	id	purple-square, words
âš›	atom_symbol	science, physics, chemistry
ğŸˆ³	u7a7a	kanji, japanese, chinese, empty, sky, blue-square
ğŸˆ¹	u5272	cut, divide, chinese, kanji, pink-square
â˜¢	radioactive	nuclear, danger
â˜£	biohazard	danger
ğŸ“´	mobile_phone_off	mute, orange-square, silence, quiet
ğŸ“³	vibration_mode	orange-square, phone
ğŸˆ¶	u6709	orange-square, chinese, have, kanji
ğŸˆš	u7121	nothing, chinese, kanji, japanese, orange-square
ğŸˆ¸	u7533	chinese, japanese, kanji, orange-square
ğŸˆº	u55b6	japanese, opening hours, orange-square
ğŸˆ·ï¸	u6708	chinese, month, moon, japanese, orange-square, kanji
âœ´ï¸	eight_pointed_black_star	orange-square, shape, polygon
ğŸ†š	vs	words, orange-square
ğŸ‰‘	accept	ok, good, chinese, kanji, agree, yes, orange-circle
ğŸ’®	white_flower	japanese, spring
ğŸ‰	ideograph_advantage	chinese, kanji, obtain, get, circle
ãŠ™ï¸	secret	privacy, chinese, sshh, kanji, red-circle
ãŠ—ï¸	congratulations	chinese, kanji, japanese, red-circle
ğŸˆ´	u5408	japanese, chinese, join, kanji, red-square
ğŸˆµ	u6e80	full, chinese, japanese, red-square, kanji
ğŸˆ²	u7981	kanji, japanese, chinese, forbidden, limit, restricted, red-square
ğŸ…°ï¸	a	red-square, alphabet, letter
ğŸ…±ï¸	b	red-square, alphabet, letter
ğŸ†	ab	red-square, alphabet
ğŸ†‘	cl	alphabet, words, red-square
ğŸ…¾ï¸	o2	alphabet, red-square, letter
ğŸ†˜	sos	help, red-square, words, emergency, 911
â›”	no_entry	limit, security, privacy, bad, denied, stop, circle
ğŸ“›	name_badge	fire, forbid
ğŸš«	no_entry_sign	forbid, stop, limit, denied, disallow, circle
âŒ	x	no, delete, remove, cancel, red
â­•	o	circle, round
ğŸ›‘	stop_sign	stop
ğŸ’¢	anger	angry, mad
â™¨ï¸	hotsprings	bath, warm, relax
ğŸš·	no_pedestrians	rules, crossing, walking, circle
ğŸš¯	do_not_litter	trash, bin, garbage, circle
ğŸš³	no_bicycles	cyclist, prohibited, circle
ğŸš±	non-potable_water	drink, faucet, tap, circle
ğŸ”	underage	18, drink, pub, night, minor, circle
ğŸ“µ	no_mobile_phones	iphone, mute, circle
â—	exclamation	heavy_exclamation_mark, danger, surprise, punctuation, wow, warning
â•	grey_exclamation	surprise, punctuation, gray, wow, warning
â“	question	doubt, confused
â”	grey_question	doubts, gray, huh, confused
â€¼ï¸	bangbang	exclamation, surprise
â‰ï¸	interrobang	wat, punctuation, surprise
ğŸ’¯	100	score, perfect, numbers, century, exam, quiz, test, pass, hundred
ğŸ”…	low_brightness	sun, afternoon, warm, summer
ğŸ”†	high_brightness	sun, light
ğŸ”±	trident	weapon, spear
âšœ	fleur_de_lis	decorative, scout
ã€½ï¸	part_alternation_mark	graph, presentation, stats, business, economics, bad
âš ï¸	warning	exclamation, wip, alert, error, problem, issue
ğŸš¸	children_crossing	school, warning, danger, sign, driving, yellow-diamond
ğŸ”°	beginner	badge, shield
â™»ï¸	recycle	arrow, environment, garbage, trash
ğŸˆ¯	u6307	chinese, point, green-square, kanji
ğŸ’¹	chart	green-square, graph, presentation, stats
â‡ï¸	sparkle	stars, green-square, awesome, good, fireworks
âœ³ï¸	eight_spoked_asterisk	star, sparkle, green-square
â	negative_squared_cross_mark	x, green-square, no, deny
âœ…	white_check_mark	green-square, ok, agree, vote, election, answer, tick
ğŸ’ 	diamond_shape_with_a_dot_inside	jewel, blue, gem, crystal, fancy
ğŸŒ€	cyclone	weather, swirl, blue, cloud, vortex, spiral, whirlpool, spin, tornado, hurricane, typhoon
â¿	loop	tape, cassette
ğŸŒ	globe_with_meridians	earth, international, world, internet, interweb, i18n
â“‚ï¸	m	alphabet, blue-circle, letter
ğŸ§	atm	money, sales, cash, blue-square, payment, bank
ğŸˆ‚ï¸	sa	japanese, blue-square, katakana
ğŸ›‚	passport_control	custom, blue-square
ğŸ›ƒ	customs	passport, border, blue-square
ğŸ›„	baggage_claim	blue-square, airport, transport
ğŸ›…	left_luggage	blue-square, travel
â™¿	wheelchair	blue-square, disabled, a11y, accessibility
ğŸš­	no_smoking	cigarette, blue-square, smell, smoke
ğŸš¾	wc	toilet, restroom, blue-square
ğŸ…¿ï¸	parking	cars, blue-square, alphabet, letter
ğŸš°	potable_water	blue-square, liquid, restroom, cleaning, faucet
ğŸš¹	mens	toilet, restroom, wc, blue-square, gender, male
ğŸšº	womens	purple-square, woman, female, toilet, loo, restroom, gender
ğŸš¼	baby_symbol	orange-square, child
ğŸš»	restroom	blue-square, toilet, refresh, wc, gender
ğŸš®	put_litter_in_its_place	blue-square, sign, human, info
ğŸ¦	cinema	blue-square, record, film, movie, curtain, stage, theater
ğŸ“¶	signal_strength	blue-square, reception, phone, internet, connection, wifi, bluetooth, bars
ğŸˆ	koko	blue-square, here, katakana, japanese, destination
ğŸ†–	ng	blue-square, words, shape, icon
ğŸ†—	ok	good, agree, yes, blue-square
ğŸ†™	up	blue-square, above, high
ğŸ†’	cool	words, blue-square
ğŸ†•	new	blue-square, words, start
ğŸ†“	free	blue-square, words
0ï¸âƒ£	zero	0, numbers, blue-square, null
1ï¸âƒ£	one	blue-square, numbers, 1
2ï¸âƒ£	two	numbers, 2, prime, blue-square
3ï¸âƒ£	three	3, numbers, prime, blue-square
4ï¸âƒ£	four	4, numbers, blue-square
5ï¸âƒ£	five	5, numbers, blue-square, prime
6ï¸âƒ£	six	6, numbers, blue-square
7ï¸âƒ£	seven	7, numbers, blue-square, prime
8ï¸âƒ£	eight	8, blue-square, numbers
9ï¸âƒ£	nine	blue-square, numbers, 9
ğŸ”Ÿ	keycap_ten	numbers, 10, blue-square
*âƒ£	asterisk	star, keycap
ğŸ”¢	1234	numbers, blue-square
âï¸	eject_button	blue-square
â–¶ï¸	arrow_forward	blue-square, right, direction, play
â¸	pause_button	pause, blue-square
â­	next_track_button	forward, next, blue-square
â¹	stop_button	blue-square
âº	record_button	blue-square
â¯	play_or_pause_button	blue-square, play, pause
â®	previous_track_button	backward
â©	fast_forward	blue-square, play, speed, continue
âª	rewind	play, blue-square
ğŸ”€	twisted_rightwards_arrows	blue-square, shuffle, music, random
ğŸ”	repeat	loop, record
ğŸ”‚	repeat_one	blue-square, loop
â—€ï¸	arrow_backward	blue-square, left, direction
ğŸ”¼	arrow_up_small	blue-square, triangle, direction, point, forward, top
ğŸ”½	arrow_down_small	blue-square, direction, bottom
â«	arrow_double_up	blue-square, direction, top
â¬	arrow_double_down	blue-square, direction, bottom
â¡ï¸	arrow_right	blue-square, next
â¬…ï¸	arrow_left	blue-square, previous, back
â¬†ï¸	arrow_up	blue-square, continue, top, direction
â¬‡ï¸	arrow_down	blue-square, direction, bottom
â†—ï¸	arrow_upper_right	blue-square, point, direction, diagonal, northeast
â†˜ï¸	arrow_lower_right	blue-square, direction, diagonal, southeast
â†™ï¸	arrow_lower_left	blue-square, direction, diagonal, southwest
â†–ï¸	arrow_upper_left	blue-square, point, direction, diagonal, northwest
â†•ï¸	arrow_up_down	blue-square, direction, way, vertical
â†”ï¸	left_right_arrow	shape, direction, horizontal, sideways
ğŸ”„	arrows_counterclockwise	blue-square, sync, cycle
â†ªï¸	arrow_right_hook	blue-square, return, rotate, direction
â†©ï¸	leftwards_arrow_with_hook	back, return, blue-square, undo, enter
â¤´ï¸	arrow_heading_up	blue-square, direction, top
â¤µï¸	arrow_heading_down	blue-square, direction, bottom
#ï¸âƒ£	hash	symbol, blue-square, twitter
â„¹ï¸	information_source	blue-square, alphabet, letter
ğŸ”¤	abc	blue-square, alphabet
ğŸ”¡	abcd	blue-square, alphabet
ğŸ” 	capital_abcd	alphabet, words, blue-square
ğŸ”£	symbols	blue-square, music, note, ampersand, percent, glyphs, characters
ğŸµ	musical_note	score, tone, sound
ğŸ¶	notes	music, score
ã€°ï¸	wavy_dash	draw, line, moustache, mustache, squiggle, scribble
â°	curly_loop	scribble, draw, shape, squiggle
âœ”ï¸	heavy_check_mark	ok, nike, answer, yes, tick
ğŸ”ƒ	arrows_clockwise	sync, cycle, round, repeat
â•	heavy_plus_sign	math, calculation, addition, more, increase
â–	heavy_minus_sign	math, calculation, subtract, less
â—	heavy_division_sign	divide, math, calculation
âœ–ï¸	heavy_multiplication_x	math, calculation
â™¾	infinity	forever
ğŸ’²	heavy_dollar_sign	money, sales, payment, currency, buck
ğŸ’±	currency_exchange	money, sales, dollar, travel
Â©ï¸	copyright	ip, license, circle, law, legal
Â®ï¸	registered	alphabet, circle
â„¢ï¸	tm	trademark, brand, law, legal
ğŸ”š	end	words, arrow
ğŸ”™	back	arrow, words, return
ğŸ”›	on	arrow, words
ğŸ”	top	words, blue-square
ğŸ”œ	soon	arrow, words
â˜‘ï¸	ballot_box_with_check	ok, agree, confirm, black-square, vote, election, yes, tick
ğŸ”˜	radio_button	input, old, music, circle
âšª	white_circle	shape, round
âš«	black_circle	shape, button, round
ğŸ”´	red_circle	shape, error, danger
ğŸ”µ	large_blue_circle	shape, icon, button
ğŸ”¸	small_orange_diamond	shape, jewel, gem
ğŸ”¹	small_blue_diamond	shape, jewel, gem
ğŸ”¶	large_orange_diamond	shape, jewel, gem
ğŸ”·	large_blue_diamond	shape, jewel, gem
ğŸ”º	small_red_triangle	shape, direction, up, top
â–ªï¸	black_small_square	shape, icon
â–«ï¸	white_small_square	shape, icon
â¬›	black_large_square	shape, icon, button
â¬œ	white_large_square	shape, icon, stone, button
ğŸ”»	small_red_triangle_down	shape, direction, bottom
â—¼ï¸	black_medium_square	shape, button, icon
â—»ï¸	white_medium_square	shape, stone, icon
â—¾	black_medium_small_square	icon, shape, button
â—½	white_medium_small_square	shape, stone, icon, button
ğŸ”²	black_square_button	shape, input, frame
ğŸ”³	white_square_button	shape, input
ğŸ”ˆ	speaker	sound, volume, silence, broadcast
ğŸ”‰	sound	volume, speaker, broadcast
ğŸ”Š	loud_sound	volume, noise, noisy, speaker, broadcast
ğŸ”‡	mute	sound, volume, silence, quiet
ğŸ“£	mega	sound, speaker, volume
ğŸ“¢	loudspeaker	volume, sound
ğŸ””	bell	sound, notification, christmas, xmas, chime
ğŸ”•	no_bell	sound, volume, mute, quiet, silent
ğŸƒ	black_joker	poker, cards, game, play, magic
ğŸ€„	mahjong	game, play, chinese, kanji
â™ ï¸	spades	poker, cards, suits, magic
â™£ï¸	clubs	poker, cards, magic, suits
â™¥ï¸	hearts	poker, cards, magic, suits
â™¦ï¸	diamonds	poker, cards, magic, suits
ğŸ´	flower_playing_cards	game, sunset, red
ğŸ’­	thought_balloon	bubble, cloud, speech, thinking, dream
ğŸ—¯	right_anger_bubble	caption, speech, thinking, mad
ğŸ’¬	speech_balloon	bubble, words, message, talk, chatting
ğŸ—¨	left_speech_bubble	words, message, talk, chatting
ğŸ•	clock1	time, late, early, schedule
ğŸ•‘	clock2	time, late, early, schedule
ğŸ•’	clock3	time, late, early, schedule
ğŸ•“	clock4	time, late, early, schedule
ğŸ•”	clock5	time, late, early, schedule
ğŸ••	clock6	time, late, early, schedule, dawn, dusk
ğŸ•–	clock7	time, late, early, schedule
ğŸ•—	clock8	time, late, early, schedule
ğŸ•˜	clock9	time, late, early, schedule
ğŸ•™	clock10	time, late, early, schedule
ğŸ•š	clock11	time, late, early, schedule
ğŸ•›	clock12	time, noon, midnight, midday, late, early, schedule
ğŸ•œ	clock130	time, late, early, schedule
ğŸ•	clock230	time, late, early, schedule
ğŸ•	clock330	time, late, early, schedule
ğŸ•Ÿ	clock430	time, late, early, schedule
ğŸ• 	clock530	time, late, early, schedule
ğŸ•¡	clock630	time, late, early, schedule
ğŸ•¢	clock730	time, late, early, schedule
ğŸ•£	clock830	time, late, early, schedule
ğŸ•¤	clock930	time, late, early, schedule
ğŸ•¥	clock1030	time, late, early, schedule
ğŸ•¦	clock1130	time, late, early, schedule
ğŸ•§	clock1230	time, late, early, schedule
